product,bucket,tick_start,spread_mean,dmid_std
GALAXY_SOUNDS_DARK_MATTER,0,0,13.208,10.343795071526385
GALAXY_SOUNDS_DARK_MATTER,1,500,13.198666666666666,10.348194661638825
GALAXY_SOUNDS_DARK_MATTER,2,1000,12.932666666666666,10.021171778361548
GALAXY_SOUNDS_DARK_MATTER,3,1500,12.856666666666667,9.999403467864571
GALAXY_SOUNDS_DARK_MATTER,4,2000,12.969333333333333,10.245283608770885
GALAXY_SOUNDS_DARK_MATTER,5,2500,13.057333333333334,10.560382600834416
GALAXY_SOUNDS_DARK_MATTER,6,3000,12.803333333333333,10.336186619633493
GALAXY_SOUNDS_DARK_MATTER,7,3500,12.711333333333334,10.417487537147023
GALAXY_SOUNDS_DARK_MATTER,8,4000,13.035333333333334,9.841504713825202
GALAXY_SOUNDS_DARK_MATTER,9,4500,12.918,9.957874492003198
GALAXY_SOUNDS_DARK_MATTER,10,5000,12.842666666666666,9.796859217247665
GALAXY_SOUNDS_DARK_MATTER,11,5500,13.004,10.253478536751548
GALAXY_SOUNDS_DARK_MATTER,12,6000,13.172666666666666,10.023402963075739
GALAXY_SOUNDS_DARK_MATTER,13,6500,13.033333333333333,10.365512229733051
GALAXY_SOUNDS_DARK_MATTER,14,7000,13.142666666666667,10.528877156157076
GALAXY_SOUNDS_DARK_MATTER,15,7500,13.182,10.342617535791478
GALAXY_SOUNDS_DARK_MATTER,16,8000,13.163333333333334,10.330043937986382
GALAXY_SOUNDS_DARK_MATTER,17,8500,13.234,10.598663862613561
GALAXY_SOUNDS_DARK_MATTER,18,9000,13.261333333333333,10.358205150634372
GALAXY_SOUNDS_DARK_MATTER,19,9500,13.29,10.217847683058444
GALAXY_SOUNDS_BLACK_HOLES,0,0,13.985333333333333,11.224082462365466
GALAXY_SOUNDS_BLACK_HOLES,1,500,14.020666666666667,10.706510377578635
GALAXY_SOUNDS_BLACK_HOLES,2,1000,14.043333333333333,11.374591074127654
GALAXY_SOUNDS_BLACK_HOLES,3,1500,14.372666666666667,11.106549177088363
GALAXY_SOUNDS_BLACK_HOLES,4,2000,14.254666666666667,11.354402272568615
GALAXY_SOUNDS_BLACK_HOLES,5,2500,14.135333333333334,11.29713349262105
GALAXY_SOUNDS_BLACK_HOLES,6,3000,14.449333333333334,11.27606075954975
GALAXY_SOUNDS_BLACK_HOLES,7,3500,14.346,11.27181530249124
GALAXY_SOUNDS_BLACK_HOLES,8,4000,14.426,11.405961729521854
GALAXY_SOUNDS_BLACK_HOLES,9,4500,14.271333333333333,11.353853775374711
GALAXY_SOUNDS_BLACK_HOLES,10,5000,14.303333333333333,11.19442197157766
GALAXY_SOUNDS_BLACK_HOLES,11,5500,14.45,11.668172195498812
GALAXY_SOUNDS_BLACK_HOLES,12,6000,14.582,11.472504953726343
GALAXY_SOUNDS_BLACK_HOLES,13,6500,14.475333333333333,11.265798390015028
GALAXY_SOUNDS_BLACK_HOLES,14,7000,14.566,11.49238192143613
GALAXY_SOUNDS_BLACK_HOLES,15,7500,14.662,11.787426090179446
GALAXY_SOUNDS_BLACK_HOLES,16,8000,14.776,11.397909525919243
GALAXY_SOUNDS_BLACK_HOLES,17,8500,15.044666666666666,11.975067211169637
GALAXY_SOUNDS_BLACK_HOLES,18,9000,15.452,12.141024223750229
GALAXY_SOUNDS_BLACK_HOLES,19,9500,15.639333333333333,12.650243686682234
GALAXY_SOUNDS_PLANETARY_RINGS,0,0,13.990666666666666,10.983496212017283
GALAXY_SOUNDS_PLANETARY_RINGS,1,500,13.906666666666666,10.644755729921647
GALAXY_SOUNDS_PLANETARY_RINGS,2,1000,13.666,10.990608778447191
GALAXY_SOUNDS_PLANETARY_RINGS,3,1500,13.554666666666666,10.415736541973773
GALAXY_SOUNDS_PLANETARY_RINGS,4,2000,13.402,10.42802626680687
GALAXY_SOUNDS_PLANETARY_RINGS,5,2500,13.442,11.031454492240137
GALAXY_SOUNDS_PLANETARY_RINGS,6,3000,13.450666666666667,10.665312582567749
GALAXY_SOUNDS_PLANETARY_RINGS,7,3500,13.455333333333334,10.78115147098162
GALAXY_SOUNDS_PLANETARY_RINGS,8,4000,13.557333333333334,10.89645136380518
GALAXY_SOUNDS_PLANETARY_RINGS,9,4500,13.712,10.37607010269654
GALAXY_SOUNDS_PLANETARY_RINGS,10,5000,13.772666666666666,11.483821895712415
GALAXY_SOUNDS_PLANETARY_RINGS,11,5500,13.651333333333334,11.080342653947385
GALAXY_SOUNDS_PLANETARY_RINGS,12,6000,13.557333333333334,10.735255797305337
GALAXY_SOUNDS_PLANETARY_RINGS,13,6500,13.729333333333333,10.956043757614689
GALAXY_SOUNDS_PLANETARY_RINGS,14,7000,13.800666666666666,10.919516238823343
GALAXY_SOUNDS_PLANETARY_RINGS,15,7500,13.742,10.978619826026026
GALAXY_SOUNDS_PLANETARY_RINGS,16,8000,13.926666666666666,10.829875798296925
GALAXY_SOUNDS_PLANETARY_RINGS,17,8500,13.798666666666668,11.287598776813422
GALAXY_SOUNDS_PLANETARY_RINGS,18,9000,13.936666666666667,11.164369828073342
GALAXY_SOUNDS_PLANETARY_RINGS,19,9500,13.748,10.843868046275078
GALAXY_SOUNDS_SOLAR_WINDS,0,0,12.855333333333334,10.220465746415812
GALAXY_SOUNDS_SOLAR_WINDS,1,500,12.842666666666666,10.426393800383519
GALAXY_SOUNDS_SOLAR_WINDS,2,1000,13.016,10.234155486143694
GALAXY_SOUNDS_SOLAR_WINDS,3,1500,13.426,10.81267786245666
GALAXY_SOUNDS_SOLAR_WINDS,4,2000,13.593333333333334,10.651328705947195
GALAXY_SOUNDS_SOLAR_WINDS,5,2500,13.456666666666667,10.826124292670746
GALAXY_SOUNDS_SOLAR_WINDS,6,3000,13.404,10.581979486840197
GALAXY_SOUNDS_SOLAR_WINDS,7,3500,13.231333333333334,10.412447307342024
GALAXY_SOUNDS_SOLAR_WINDS,8,4000,13.153333333333334,10.460597224111014
GALAXY_SOUNDS_SOLAR_WINDS,9,4500,13.304666666666666,10.13050095447479
GALAXY_SOUNDS_SOLAR_WINDS,10,5000,13.170666666666667,10.74197869543057
GALAXY_SOUNDS_SOLAR_WINDS,11,5500,13.370666666666667,10.593985789690478
GALAXY_SOUNDS_SOLAR_WINDS,12,6000,13.437333333333333,10.302570238759445
GALAXY_SOUNDS_SOLAR_WINDS,13,6500,13.452,10.809511306705465
GALAXY_SOUNDS_SOLAR_WINDS,14,7000,13.625333333333334,10.921196104345272
GALAXY_SOUNDS_SOLAR_WINDS,15,7500,13.492666666666667,10.802931412674996
GALAXY_SOUNDS_SOLAR_WINDS,16,8000,13.388666666666667,10.36934479805871
GALAXY_SOUNDS_SOLAR_WINDS,17,8500,13.345333333333333,10.666726819446254
GALAXY_SOUNDS_SOLAR_WINDS,18,9000,13.296666666666667,10.595751720630258
GALAXY_SOUNDS_SOLAR_WINDS,19,9500,13.162666666666667,10.154614699174031
GALAXY_SOUNDS_SOLAR_FLAMES,0,0,13.564666666666668,10.489985656439087
GALAXY_SOUNDS_SOLAR_FLAMES,1,500,13.804666666666666,10.973534398437204
GALAXY_SOUNDS_SOLAR_FLAMES,2,1000,13.869333333333334,10.723922847371663
GALAXY_SOUNDS_SOLAR_FLAMES,3,1500,14.024,11.120111711603496
GALAXY_SOUNDS_SOLAR_FLAMES,4,2000,13.965333333333334,10.728342442072288
GALAXY_SOUNDS_SOLAR_FLAMES,5,2500,14.113333333333333,11.084496035826142
GALAXY_SOUNDS_SOLAR_FLAMES,6,3000,14.242,11.134387667304257
GALAXY_SOUNDS_SOLAR_FLAMES,7,3500,14.156666666666666,11.251711129226381
GALAXY_SOUNDS_SOLAR_FLAMES,8,4000,13.951333333333332,11.020429186826778
GALAXY_SOUNDS_SOLAR_FLAMES,9,4500,14.135333333333334,11.139143190000675
GALAXY_SOUNDS_SOLAR_FLAMES,10,5000,14.246,11.591354733532851
GALAXY_SOUNDS_SOLAR_FLAMES,11,5500,14.337333333333333,11.338006773608797
GALAXY_SOUNDS_SOLAR_FLAMES,12,6000,14.265333333333333,11.086203776090299
GALAXY_SOUNDS_SOLAR_FLAMES,13,6500,14.263333333333334,11.226582842986671
GALAXY_SOUNDS_SOLAR_FLAMES,14,7000,14.471333333333334,11.048664484006313
GALAXY_SOUNDS_SOLAR_FLAMES,15,7500,14.264666666666667,11.248327407598637
GALAXY_SOUNDS_SOLAR_FLAMES,16,8000,14.166,11.416318091576972
GALAXY_SOUNDS_SOLAR_FLAMES,17,8500,13.977333333333334,11.18619596686147
GALAXY_SOUNDS_SOLAR_FLAMES,18,9000,13.816666666666666,10.96805688062901
GALAXY_SOUNDS_SOLAR_FLAMES,19,9500,13.796,11.054852542302116
SLEEP_POD_SUEDE,0,0,9.731333333333334,11.271343197990253
SLEEP_POD_SUEDE,1,500,9.930666666666667,11.510206679034258
SLEEP_POD_SUEDE,2,1000,9.9,11.42672113822015
SLEEP_POD_SUEDE,3,1500,9.758,11.119999487068108
SLEEP_POD_SUEDE,4,2000,9.655333333333333,10.98282502452055
SLEEP_POD_SUEDE,5,2500,9.792,11.31895360428779
SLEEP_POD_SUEDE,6,3000,9.975333333333333,11.247019514756351
SLEEP_POD_SUEDE,7,3500,9.918666666666667,11.04720388596231
SLEEP_POD_SUEDE,8,4000,9.93,11.038078808796064
SLEEP_POD_SUEDE,9,4500,9.961333333333334,11.258715616821009
SLEEP_POD_SUEDE,10,5000,9.968,11.890802636791193
SLEEP_POD_SUEDE,11,5500,9.931333333333333,11.539905162651795
SLEEP_POD_SUEDE,12,6000,9.884,11.491208050673558
SLEEP_POD_SUEDE,13,6500,9.836666666666666,11.264301186034372
SLEEP_POD_SUEDE,14,7000,9.961333333333334,11.27199500842105
SLEEP_POD_SUEDE,15,7500,10.003333333333334,11.748258166022428
SLEEP_POD_SUEDE,16,8000,10.118666666666666,11.711018300433516
SLEEP_POD_SUEDE,17,8500,10.308666666666667,11.596645535700226
SLEEP_POD_SUEDE,18,9000,10.242,11.795247904883025
SLEEP_POD_SUEDE,19,9500,10.182666666666666,11.797642241730536
SLEEP_POD_LAMB_WOOL,0,0,9.157333333333334,10.336314626441965
SLEEP_POD_LAMB_WOOL,1,500,9.182,10.45502474227461
SLEEP_POD_LAMB_WOOL,2,1000,9.196,10.602481154269492
SLEEP_POD_LAMB_WOOL,3,1500,9.283333333333333,10.541849318693505
SLEEP_POD_LAMB_WOOL,4,2000,9.288666666666666,10.75891314870734
SLEEP_POD_LAMB_WOOL,5,2500,9.354666666666667,10.92460202975656
SLEEP_POD_LAMB_WOOL,6,3000,9.504,10.790559021580911
SLEEP_POD_LAMB_WOOL,7,3500,9.631333333333334,10.611997497305154
SLEEP_POD_LAMB_WOOL,8,4000,9.657333333333334,11.040400927280219
SLEEP_POD_LAMB_WOOL,9,4500,9.465333333333334,10.952835186439305
SLEEP_POD_LAMB_WOOL,10,5000,9.504,10.720727457610758
SLEEP_POD_LAMB_WOOL,11,5500,9.520666666666667,10.701966857481608
SLEEP_POD_LAMB_WOOL,12,6000,9.462,10.724185920836387
SLEEP_POD_LAMB_WOOL,13,6500,9.288666666666666,10.389150246809862
SLEEP_POD_LAMB_WOOL,14,7000,9.366,10.548635711114468
SLEEP_POD_LAMB_WOOL,15,7500,9.296666666666667,10.79038525459719
SLEEP_POD_LAMB_WOOL,16,8000,9.438666666666666,10.762202836570488
SLEEP_POD_LAMB_WOOL,17,8500,9.488666666666667,11.175764762835922
SLEEP_POD_LAMB_WOOL,18,9000,9.490666666666666,10.94066701789845
SLEEP_POD_LAMB_WOOL,19,9500,9.426,10.443004474313064
SLEEP_POD_POLYESTER,0,0,10.025333333333334,11.53632033907398
SLEEP_POD_POLYESTER,1,500,10.046,11.511824180070573
SLEEP_POD_POLYESTER,2,1000,9.992666666666667,11.50888515512681
SLEEP_POD_POLYESTER,3,1500,10.309333333333333,12.503748564014767
SLEEP_POD_POLYESTER,4,2000,10.442666666666666,12.036948246214862
SLEEP_POD_POLYESTER,5,2500,10.236,11.797341808138293
SLEEP_POD_POLYESTER,6,3000,10.163333333333334,11.774054404790807
SLEEP_POD_POLYESTER,7,3500,10.173333333333334,12.190786897904777
SLEEP_POD_POLYESTER,8,4000,10.200666666666667,11.744275896973354
SLEEP_POD_POLYESTER,9,4500,10.170666666666667,11.52574484344205
SLEEP_POD_POLYESTER,10,5000,10.114,11.344771061705792
SLEEP_POD_POLYESTER,11,5500,10.318666666666667,11.780270854688727
SLEEP_POD_POLYESTER,12,6000,10.403333333333334,11.984334240086884
SLEEP_POD_POLYESTER,13,6500,10.422,12.091706341186683
SLEEP_POD_POLYESTER,14,7000,10.289333333333333,11.693917513157697
SLEEP_POD_POLYESTER,15,7500,10.386,12.269867648080037
SLEEP_POD_POLYESTER,16,8000,10.45,12.016311832488059
SLEEP_POD_POLYESTER,17,8500,10.516,12.372740522114485
SLEEP_POD_POLYESTER,18,9000,10.630666666666666,11.974366899413141
SLEEP_POD_POLYESTER,19,9500,10.624,12.053379054484578
SLEEP_POD_NYLON,0,0,8.452,9.562260213341602
SLEEP_POD_NYLON,1,500,8.476666666666667,9.303106713871792
SLEEP_POD_NYLON,2,1000,8.348,9.466114202826633
SLEEP_POD_NYLON,3,1500,8.396,9.138533147116275
SLEEP_POD_NYLON,4,2000,8.536666666666667,9.852223651233055
SLEEP_POD_NYLON,5,2500,8.560666666666666,9.569827936688581
SLEEP_POD_NYLON,6,3000,8.448666666666666,9.41481159346534
SLEEP_POD_NYLON,7,3500,8.404,9.296637150507998
SLEEP_POD_NYLON,8,4000,8.509333333333334,9.381762146525713
SLEEP_POD_NYLON,9,4500,8.580666666666668,9.881736370599084
SLEEP_POD_NYLON,10,5000,8.618666666666666,10.141101971104904
SLEEP_POD_NYLON,11,5500,8.632666666666667,9.90176249969672
SLEEP_POD_NYLON,12,6000,8.674,9.742289995947168
SLEEP_POD_NYLON,13,6500,8.62,9.812814705468124
SLEEP_POD_NYLON,14,7000,8.691333333333333,9.349823850011276
SLEEP_POD_NYLON,15,7500,8.745333333333333,10.04411821728173
SLEEP_POD_NYLON,16,8000,8.638666666666667,9.576531172587133
SLEEP_POD_NYLON,17,8500,8.663333333333334,9.6041090596391
SLEEP_POD_NYLON,18,9000,8.678666666666667,9.492734081051449
SLEEP_POD_NYLON,19,9500,8.618,9.81063131914264
SLEEP_POD_COTTON,0,0,9.730666666666666,11.21544917048511
SLEEP_POD_COTTON,1,500,9.818,11.298473800874236
SLEEP_POD_COTTON,2,1000,9.95,11.907265764453378
SLEEP_POD_COTTON,3,1500,9.993333333333334,11.508368739053452
SLEEP_POD_COTTON,4,2000,9.832,11.402593812490965
SLEEP_POD_COTTON,5,2500,9.896,11.388789571657478
SLEEP_POD_COTTON,6,3000,10.054666666666666,11.53981515354878
SLEEP_POD_COTTON,7,3500,10.152,12.15870517900551
SLEEP_POD_COTTON,8,4000,10.241333333333333,11.789318480827621
SLEEP_POD_COTTON,9,4500,10.047333333333333,11.406344492664854
SLEEP_POD_COTTON,10,5000,10.074,11.805368723990016
SLEEP_POD_COTTON,11,5500,10.188,11.691630384007462
SLEEP_POD_COTTON,12,6000,10.234666666666667,11.916695318211907
SLEEP_POD_COTTON,13,6500,10.306,12.146039416850126
SLEEP_POD_COTTON,14,7000,10.28,12.05187380992858
SLEEP_POD_COTTON,15,7500,10.151333333333334,11.686123475165184
SLEEP_POD_COTTON,16,8000,10.032666666666668,11.895373869781908
SLEEP_POD_COTTON,17,8500,10.011333333333333,11.32871984216112
SLEEP_POD_COTTON,18,9000,10.000666666666667,11.546441476174856
SLEEP_POD_COTTON,19,9500,10.01,11.75727695405061
MICROCHIP_CIRCLE,0,0,8.152666666666667,9.223720502288451
MICROCHIP_CIRCLE,1,500,8.129333333333333,8.943053171162356
MICROCHIP_CIRCLE,2,1000,8.168666666666667,9.045696237084737
MICROCHIP_CIRCLE,3,1500,8.187333333333333,8.971799615895764
MICROCHIP_CIRCLE,4,2000,8.112666666666666,9.276757248032032
MICROCHIP_CIRCLE,5,2500,8.103333333333333,9.054695338429735
MICROCHIP_CIRCLE,6,3000,8.066666666666666,9.041533006167885
MICROCHIP_CIRCLE,7,3500,8.152,9.015914227730692
MICROCHIP_CIRCLE,8,4000,8.101333333333333,9.047977099499203
MICROCHIP_CIRCLE,9,4500,8.182666666666666,8.911563940753357
MICROCHIP_CIRCLE,10,5000,8.208,9.000160006484167
MICROCHIP_CIRCLE,11,5500,8.416,9.360857064689421
MICROCHIP_CIRCLE,12,6000,8.38,9.31124111112881
MICROCHIP_CIRCLE,13,6500,8.413333333333334,9.61322061343634
MICROCHIP_CIRCLE,14,7000,8.422666666666666,9.508324618297388
MICROCHIP_CIRCLE,15,7500,8.426,9.390000287731757
MICROCHIP_CIRCLE,16,8000,8.534,9.318657797361075
MICROCHIP_CIRCLE,17,8500,8.367333333333333,9.779714128124644
MICROCHIP_CIRCLE,18,9000,8.415333333333333,9.502532134482193
MICROCHIP_CIRCLE,19,9500,8.304,9.325895357344738
MICROCHIP_OVAL,0,0,7.958,12.867586830765566
MICROCHIP_OVAL,1,500,7.854666666666667,12.958263770873236
MICROCHIP_OVAL,2,1000,7.862,13.184530460019792
MICROCHIP_OVAL,3,1500,7.847333333333333,13.2301889732099
MICROCHIP_OVAL,4,2000,7.612,13.043135854870902
MICROCHIP_OVAL,5,2500,7.744,13.382076253910137
MICROCHIP_OVAL,6,3000,7.732,12.723581174371594
MICROCHIP_OVAL,7,3500,7.525333333333333,12.478101872917238
MICROCHIP_OVAL,8,4000,7.398666666666666,12.484111009003543
MICROCHIP_OVAL,9,4500,7.373333333333333,12.756943807161967
MICROCHIP_OVAL,10,5000,7.384,11.96473531465094
MICROCHIP_OVAL,11,5500,7.356,12.114099978077308
MICROCHIP_OVAL,12,6000,7.1706666666666665,11.930584567445534
MICROCHIP_OVAL,13,6500,7.251333333333333,11.984763045316763
MICROCHIP_OVAL,14,7000,7.288666666666667,12.132495189169974
MICROCHIP_OVAL,15,7500,7.263333333333334,12.34414185410629
MICROCHIP_OVAL,16,8000,7.262,12.272978810982234
MICROCHIP_OVAL,17,8500,7.171333333333333,12.102318330036205
MICROCHIP_OVAL,18,9000,7.054,12.002830715530376
MICROCHIP_OVAL,19,9500,6.886666666666667,11.402459907852716
MICROCHIP_SQUARE,0,0,11.078,20.12287854787467
MICROCHIP_SQUARE,1,500,11.128,20.089296151929265
MICROCHIP_SQUARE,2,1000,10.969333333333333,19.744271440733698
MICROCHIP_SQUARE,3,1500,11.102,19.53680065778896
MICROCHIP_SQUARE,4,2000,11.47,20.216450947828363
MICROCHIP_SQUARE,5,2500,11.609333333333334,20.438980694825524
MICROCHIP_SQUARE,6,3000,11.706666666666667,20.591221866254
MICROCHIP_SQUARE,7,3500,11.772,20.410225824623808
MICROCHIP_SQUARE,8,4000,11.910666666666666,21.21459278862109
MICROCHIP_SQUARE,9,4500,12.078,21.272728250047184
MICROCHIP_SQUARE,10,5000,11.99,21.600135467973857
MICROCHIP_SQUARE,11,5500,11.987333333333334,20.74003318828351
MICROCHIP_SQUARE,12,6000,11.765333333333333,20.85482469432216
MICROCHIP_SQUARE,13,6500,11.844,20.594706241467417
MICROCHIP_SQUARE,14,7000,12.017333333333333,20.568292166600916
MICROCHIP_SQUARE,15,7500,12.138,21.077369583542986
MICROCHIP_SQUARE,16,8000,12.254,22.262334768982456
MICROCHIP_SQUARE,17,8500,11.896666666666667,21.17798454941527
MICROCHIP_SQUARE,18,9000,11.76,21.203240725846275
MICROCHIP_SQUARE,19,9500,11.899333333333333,20.25376022102933
MICROCHIP_RECTANGLE,0,0,8.112,12.975473517053572
MICROCHIP_RECTANGLE,1,500,8.068666666666667,13.646903563573355
MICROCHIP_RECTANGLE,2,1000,8.084,13.706994346618607
MICROCHIP_RECTANGLE,3,1500,8.228,13.445325464682291
MICROCHIP_RECTANGLE,4,2000,8.198666666666666,14.0184916911587
MICROCHIP_RECTANGLE,5,2500,8.109333333333334,13.809119976656234
MICROCHIP_RECTANGLE,6,3000,8.014,13.356205500533092
MICROCHIP_RECTANGLE,7,3500,7.903333333333333,13.090887347860319
MICROCHIP_RECTANGLE,8,4000,7.8966666666666665,12.64888586170188
MICROCHIP_RECTANGLE,9,4500,7.906666666666666,13.373973243920762
MICROCHIP_RECTANGLE,10,5000,7.816666666666666,13.27781389742288
MICROCHIP_RECTANGLE,11,5500,7.889333333333333,13.157658690297543
MICROCHIP_RECTANGLE,12,6000,7.742666666666667,12.595376740390787
MICROCHIP_RECTANGLE,13,6500,7.661333333333333,12.52051029785711
MICROCHIP_RECTANGLE,14,7000,7.556666666666667,12.46823819320229
MICROCHIP_RECTANGLE,15,7500,7.644,12.893089732174163
MICROCHIP_RECTANGLE,16,8000,7.674666666666667,12.76001342587141
MICROCHIP_RECTANGLE,17,8500,7.656,12.569667892304764
MICROCHIP_RECTANGLE,18,9000,7.806666666666667,13.112012983464481
MICROCHIP_RECTANGLE,19,9500,7.746,13.027681805206198
MICROCHIP_TRIANGLE,0,0,8.770666666666667,13.898556899384122
MICROCHIP_TRIANGLE,1,500,8.808,14.507441179145884
MICROCHIP_TRIANGLE,2,1000,8.768,14.998305808259758
MICROCHIP_TRIANGLE,3,1500,8.93,14.878476768008865
MICROCHIP_TRIANGLE,4,2000,8.699333333333334,14.500450557744221
MICROCHIP_TRIANGLE,5,2500,8.768666666666666,14.84417055950696
MICROCHIP_TRIANGLE,6,3000,8.724,14.7274266348791
MICROCHIP_TRIANGLE,7,3500,8.619333333333334,14.537615304032526
MICROCHIP_TRIANGLE,8,4000,8.677333333333333,14.95747132034242
MICROCHIP_TRIANGLE,9,4500,8.517333333333333,14.37236269471749
MICROCHIP_TRIANGLE,10,5000,8.486666666666666,14.139802698301631
MICROCHIP_TRIANGLE,11,5500,8.702666666666667,14.871559223499318
MICROCHIP_TRIANGLE,12,6000,8.721333333333334,14.623041525318525
MICROCHIP_TRIANGLE,13,6500,8.635333333333334,14.542029981386436
MICROCHIP_TRIANGLE,14,7000,8.617333333333333,14.32158613956692
MICROCHIP_TRIANGLE,15,7500,8.606666666666667,14.205608438088351
MICROCHIP_TRIANGLE,16,8000,8.496,14.562856067792277
MICROCHIP_TRIANGLE,17,8500,8.467333333333332,14.119710893382273
MICROCHIP_TRIANGLE,18,9000,8.352,14.294018534552588
MICROCHIP_TRIANGLE,19,9500,8.340666666666667,14.163019914154088
PEBBLES_XS,0,0,10.822,14.873154504871772
PEBBLES_XS,1,500,11.018666666666666,15.247155255472352
PEBBLES_XS,2,1000,10.736,15.126278373099668
PEBBLES_XS,3,1500,10.642666666666667,15.209797890070508
PEBBLES_XS,4,2000,10.408666666666667,15.260160819195434
PEBBLES_XS,5,2500,10.214,15.016536267168865
PEBBLES_XS,6,3000,10.083333333333334,14.650248589860809
PEBBLES_XS,7,3500,9.710666666666667,15.432514776975305
PEBBLES_XS,8,4000,9.696666666666667,15.101975080204056
PEBBLES_XS,9,4500,9.629333333333333,14.828577590735579
PEBBLES_XS,10,5000,9.548,15.220883051055292
PEBBLES_XS,11,5500,9.236666666666666,14.767571390601693
PEBBLES_XS,12,6000,9.107333333333333,14.941401603491114
PEBBLES_XS,13,6500,9.148666666666667,15.144944004053775
PEBBLES_XS,14,7000,9.136,14.992725031469305
PEBBLES_XS,15,7500,9.037333333333333,14.98433653685928
PEBBLES_XS,16,8000,9.042666666666667,15.575574593087257
PEBBLES_XS,17,8500,9.031333333333333,14.392298096424035
PEBBLES_XS,18,9000,9.272666666666666,14.749977125975871
PEBBLES_XS,19,9500,9.374666666666666,15.499911478367371
PEBBLES_S,0,0,12.146666666666667,15.140148838733204
PEBBLES_S,1,500,12.124666666666666,14.662591405494556
PEBBLES_S,2,1000,11.822666666666667,15.383814515747572
PEBBLES_S,3,1500,11.874666666666666,15.033805298617057
PEBBLES_S,4,2000,11.862,14.799057359591815
PEBBLES_S,5,2500,11.890666666666666,14.853202710319284
PEBBLES_S,6,3000,11.874666666666666,15.334867024311775
PEBBLES_S,7,3500,11.52,14.96591737952926
PEBBLES_S,8,4000,11.488666666666667,14.67875221233084
PEBBLES_S,9,4500,11.475333333333333,15.010501016305453
PEBBLES_S,10,5000,11.639333333333333,14.953637263237631
PEBBLES_S,11,5500,11.505333333333333,14.883075005334403
PEBBLES_S,12,6000,11.422,15.184625034790518
PEBBLES_S,13,6500,11.462666666666667,15.350537848244135
PEBBLES_S,14,7000,11.51,15.297869804225396
PEBBLES_S,15,7500,11.188,15.151781937651638
PEBBLES_S,16,8000,11.103333333333333,15.293071951043716
PEBBLES_S,17,8500,10.936,14.246413341058108
PEBBLES_S,18,9000,11.012666666666666,14.773483851333985
PEBBLES_S,19,9500,11.171333333333333,15.398054204056752
PEBBLES_M,0,0,12.864,14.832318656434033
PEBBLES_M,1,500,12.568,15.508570481978177
PEBBLES_M,2,1000,12.722666666666667,15.409336671641492
PEBBLES_M,3,1500,12.703333333333333,14.63496206458961
PEBBLES_M,4,2000,12.793333333333333,14.85336151287495
PEBBLES_M,5,2500,12.959333333333333,14.88438605343469
PEBBLES_M,6,3000,13.027333333333333,14.92780593888426
PEBBLES_M,7,3500,13.110666666666667,15.001497946108088
PEBBLES_M,8,4000,13.358666666666666,15.279913505210247
PEBBLES_M,9,4500,13.428,14.912548047927402
PEBBLES_M,10,5000,13.245333333333333,15.452707842813144
PEBBLES_M,11,5500,13.288666666666666,14.9098390139477
PEBBLES_M,12,6000,13.048,15.121657897883068
PEBBLES_M,13,6500,13.266666666666667,15.096519206437032
PEBBLES_M,14,7000,13.225333333333333,15.132549540398587
PEBBLES_M,15,7500,13.156,15.402075020700797
PEBBLES_M,16,8000,13.271333333333333,15.19634134235812
PEBBLES_M,17,8500,13.621333333333334,15.293714777538082
PEBBLES_M,18,9000,13.503333333333334,15.29805827737752
PEBBLES_M,19,9500,13.256666666666666,15.50201480015201
PEBBLES_L,0,0,13.256,14.615598404703542
PEBBLES_L,1,500,13.358666666666666,15.179324884063762
PEBBLES_L,2,1000,13.428666666666667,15.05520519148756
PEBBLES_L,3,1500,13.306666666666667,14.915901808176654
PEBBLES_L,4,2000,13.5,15.007038286487047
PEBBLES_L,5,2500,13.355333333333334,15.221592675835845
PEBBLES_L,6,3000,13.425333333333333,14.808473480187994
PEBBLES_L,7,3500,13.19,14.863824106431466
PEBBLES_L,8,4000,13.228,15.184535425141739
PEBBLES_L,9,4500,13.098666666666666,14.948820326459503
PEBBLES_L,10,5000,13.081333333333333,14.879884575380647
PEBBLES_L,11,5500,12.983333333333333,14.97091080515074
PEBBLES_L,12,6000,12.641333333333334,14.494028061763656
PEBBLES_L,13,6500,12.604,15.029955101959258
PEBBLES_L,14,7000,12.473333333333333,15.361670976134336
PEBBLES_L,15,7500,12.472,15.528596197550444
PEBBLES_L,16,8000,12.531333333333333,15.097206617583005
PEBBLES_L,17,8500,12.561333333333334,15.328560447711807
PEBBLES_L,18,9000,12.91,14.994927628025193
PEBBLES_L,19,9500,13.004666666666667,14.973440050234228
PEBBLES_XL,0,0,15.077333333333334,30.67942951754286
PEBBLES_XL,1,500,15.314,30.02084354111604
PEBBLES_XL,2,1000,15.418666666666667,30.199279304909123
PEBBLES_XL,3,1500,15.292666666666667,29.496625512269603
PEBBLES_XL,4,2000,15.606,30.501752066752637
PEBBLES_XL,5,2500,15.824,30.388525337760136
PEBBLES_XL,6,3000,15.878666666666666,30.85280271189327
PEBBLES_XL,7,3500,16.262666666666668,30.747240853486193
PEBBLES_XL,8,4000,16.082666666666668,30.474065372527956
PEBBLES_XL,9,4500,16.256666666666668,29.450114528119727
PEBBLES_XL,10,5000,16.490666666666666,30.19349241495088
PEBBLES_XL,11,5500,17.019333333333332,30.177289504988877
PEBBLES_XL,12,6000,17.550666666666668,30.164350968976407
PEBBLES_XL,13,6500,17.548,30.556933224917636
PEBBLES_XL,14,7000,17.950666666666667,30.356074024047246
PEBBLES_XL,15,7500,18.190666666666665,31.185713551379482
PEBBLES_XL,16,8000,18.144,30.087823389201088
PEBBLES_XL,17,8500,17.932666666666666,30.033374808729054
PEBBLES_XL,18,9000,17.424666666666667,30.136337735757447
PEBBLES_XL,19,9500,17.350666666666665,30.592575593668176
ROBOT_VACUUMING,0,0,6.992,9.754463149288416
ROBOT_VACUUMING,1,500,6.950666666666667,9.267186007143373
ROBOT_VACUUMING,2,1000,6.795333333333334,9.38047979942986
ROBOT_VACUUMING,3,1500,6.730666666666667,9.052494812505696
ROBOT_VACUUMING,4,2000,6.738,9.047581797353857
ROBOT_VACUUMING,5,2500,6.761333333333333,9.0275957418799
ROBOT_VACUUMING,6,3000,6.762,9.534385245066105
ROBOT_VACUUMING,7,3500,6.843333333333334,9.369978477266795
ROBOT_VACUUMING,8,4000,6.766,9.42714169597159
ROBOT_VACUUMING,9,4500,6.755333333333334,9.573577970243095
ROBOT_VACUUMING,10,5000,6.777333333333333,9.215550198760038
ROBOT_VACUUMING,11,5500,6.791333333333333,9.344100796867696
ROBOT_VACUUMING,12,6000,6.714,8.972358759175748
ROBOT_VACUUMING,13,6500,6.677333333333333,9.2564569113632
ROBOT_VACUUMING,14,7000,6.696,9.464813593152497
ROBOT_VACUUMING,15,7500,6.715333333333334,9.005859185355073
ROBOT_VACUUMING,16,8000,6.682666666666667,9.303847737458659
ROBOT_VACUUMING,17,8500,6.702,8.850177932276576
ROBOT_VACUUMING,18,9000,6.63,9.185882971384734
ROBOT_VACUUMING,19,9500,6.585333333333334,8.630090605827888
ROBOT_MOPPING,0,0,7.7026666666666666,10.41421771319061
ROBOT_MOPPING,1,500,7.775333333333333,11.093774405210455
ROBOT_MOPPING,2,1000,7.6946666666666665,10.848446159624627
ROBOT_MOPPING,3,1500,7.727333333333333,10.4623965304692
ROBOT_MOPPING,4,2000,7.73,10.947372662014518
ROBOT_MOPPING,5,2500,7.836,11.292395081647163
ROBOT_MOPPING,6,3000,7.8566666666666665,10.917491779303862
ROBOT_MOPPING,7,3500,7.828666666666667,10.881653067029983
ROBOT_MOPPING,8,4000,7.858666666666666,11.21982038486065
ROBOT_MOPPING,9,4500,7.924666666666667,10.779924369021494
ROBOT_MOPPING,10,5000,7.931333333333333,11.124311443513426
ROBOT_MOPPING,11,5500,8.146,11.640494179221555
ROBOT_MOPPING,12,6000,8.165333333333333,11.43779408997433
ROBOT_MOPPING,13,6500,8.239333333333333,11.340769728668889
ROBOT_MOPPING,14,7000,8.287333333333333,11.627969260053186
ROBOT_MOPPING,15,7500,8.324666666666667,11.900284663497347
ROBOT_MOPPING,16,8000,8.237333333333334,11.356892792403846
ROBOT_MOPPING,17,8500,8.109333333333334,11.227315854784297
ROBOT_MOPPING,18,9000,8.018,11.006047319873453
ROBOT_MOPPING,19,9500,8.02,11.278534711129522
ROBOT_DISHES,0,0,7.318,9.914057047617453
ROBOT_DISHES,1,500,7.304666666666667,10.302646645765055
ROBOT_DISHES,2,1000,7.258,17.756667202868783
ROBOT_DISHES,3,1500,7.252666666666666,19.772863356270882
ROBOT_DISHES,4,2000,7.231333333333334,21.113790659019145
ROBOT_DISHES,5,2500,7.296,18.41162959661461
ROBOT_DISHES,6,3000,7.292,18.334094860566132
ROBOT_DISHES,7,3500,7.2973333333333334,16.424065051952763
ROBOT_DISHES,8,4000,7.368666666666667,19.951185199395393
ROBOT_DISHES,9,4500,7.41,19.499199994422945
ROBOT_DISHES,10,5000,7.382,18.389055982294106
ROBOT_DISHES,11,5500,7.402,17.15145182646043
ROBOT_DISHES,12,6000,7.332666666666666,18.3885948152522
ROBOT_DISHES,13,6500,7.273333333333333,18.853316328432573
ROBOT_DISHES,14,7000,7.411333333333333,16.066302511289155
ROBOT_DISHES,15,7500,7.483333333333333,20.094896444893088
ROBOT_DISHES,16,8000,7.469333333333333,16.76995887202078
ROBOT_DISHES,17,8500,7.390666666666666,19.313969672369936
ROBOT_DISHES,18,9000,7.386,19.08225889151846
ROBOT_DISHES,19,9500,7.446,15.437396651177915
ROBOT_LAUNDRY,0,0,7.218666666666667,10.002533635092943
ROBOT_LAUNDRY,1,500,7.198666666666667,10.019856264867329
ROBOT_LAUNDRY,2,1000,7.123333333333333,9.859991168325086
ROBOT_LAUNDRY,3,1500,7.147333333333333,9.775408617101888
ROBOT_LAUNDRY,4,2000,7.169333333333333,9.72139727262377
ROBOT_LAUNDRY,5,2500,7.1353333333333335,9.881682886026827
ROBOT_LAUNDRY,6,3000,7.072,9.71466911872349
ROBOT_LAUNDRY,7,3500,7.174,10.074133014452618
ROBOT_LAUNDRY,8,4000,7.228666666666666,9.894953459122199
ROBOT_LAUNDRY,9,4500,7.23,9.93122258946069
ROBOT_LAUNDRY,10,5000,7.224666666666667,9.771630095607001
ROBOT_LAUNDRY,11,5500,7.198666666666667,9.533807242785217
ROBOT_LAUNDRY,12,6000,7.193333333333333,9.87743195354374
ROBOT_LAUNDRY,13,6500,7.238666666666667,9.703665663402342
ROBOT_LAUNDRY,14,7000,7.262666666666667,9.811354873630048
ROBOT_LAUNDRY,15,7500,7.125333333333334,9.677255302001692
ROBOT_LAUNDRY,16,8000,7.085333333333334,9.735527046859977
ROBOT_LAUNDRY,17,8500,7.076666666666667,9.748661386130731
ROBOT_LAUNDRY,18,9000,7.1353333333333335,10.101939715366417
ROBOT_LAUNDRY,19,9500,7.0633333333333335,9.599390610291268
ROBOT_IRONING,0,0,7.215333333333334,12.91221300191648
ROBOT_IRONING,1,500,7.206666666666667,16.532037750424294
ROBOT_IRONING,2,1000,6.710666666666667,10.590772770079942
ROBOT_IRONING,3,1500,6.739333333333334,12.436356566257471
ROBOT_IRONING,4,2000,7.146,10.009482939761163
ROBOT_IRONING,5,2500,6.315333333333333,9.996438102580079
ROBOT_IRONING,6,3000,5.9446666666666665,9.848837481304857
ROBOT_IRONING,7,3500,6.036666666666667,9.571619480973316
ROBOT_IRONING,8,4000,6.456666666666667,9.702012244028444
ROBOT_IRONING,9,4500,6.331333333333333,9.725207098158272
ROBOT_IRONING,10,5000,5.892,9.736585110566178
ROBOT_IRONING,11,5500,5.904,9.473706928698478
ROBOT_IRONING,12,6000,5.916,9.454209482562907
ROBOT_IRONING,13,6500,5.89,9.598728002973747
ROBOT_IRONING,14,7000,5.922,9.115657904666687
ROBOT_IRONING,15,7500,6.295333333333334,9.324371074266637
ROBOT_IRONING,16,8000,6.5713333333333335,9.71779589402995
ROBOT_IRONING,17,8500,6.290666666666667,9.362421063717361
ROBOT_IRONING,18,9000,6.549333333333333,9.467201812696855
ROBOT_IRONING,19,9500,6.525333333333333,9.4728254997457
UV_VISOR_YELLOW,0,0,14.198666666666666,11.045633114843778
UV_VISOR_YELLOW,1,500,14.147333333333334,10.983350302987741
UV_VISOR_YELLOW,2,1000,13.885333333333334,11.106113484325055
UV_VISOR_YELLOW,3,1500,13.945333333333334,11.184915163654379
UV_VISOR_YELLOW,4,2000,13.723333333333333,11.005769182730283
UV_VISOR_YELLOW,5,2500,13.746666666666666,10.610887750236591
UV_VISOR_YELLOW,6,3000,13.834,10.960209122620029
UV_VISOR_YELLOW,7,3500,13.898666666666667,11.065103253321723
UV_VISOR_YELLOW,8,4000,13.936,10.914465571240951
UV_VISOR_YELLOW,9,4500,13.771333333333333,11.003808198221293
UV_VISOR_YELLOW,10,5000,13.566666666666666,10.890495557344721
UV_VISOR_YELLOW,11,5500,13.623333333333333,10.508113128272205
UV_VISOR_YELLOW,12,6000,13.910666666666666,10.68587547293539
UV_VISOR_YELLOW,13,6500,13.873333333333333,11.453744878279482
UV_VISOR_YELLOW,14,7000,14.064,11.104340463994959
UV_VISOR_YELLOW,15,7500,13.940666666666667,10.906456134441527
UV_VISOR_YELLOW,16,8000,13.930666666666667,11.041115162801617
UV_VISOR_YELLOW,17,8500,13.93,11.028147301828602
UV_VISOR_YELLOW,18,9000,14.198,11.284331101972596
UV_VISOR_YELLOW,19,9500,14.075333333333333,11.309991135652936
UV_VISOR_AMBER,0,0,10.99,8.695290205536
UV_VISOR_AMBER,1,500,10.786,8.34716888378759
UV_VISOR_AMBER,2,1000,10.612666666666666,8.39690617098852
UV_VISOR_AMBER,3,1500,10.554,8.254174515436873
UV_VISOR_AMBER,4,2000,10.562,8.311084270288195
UV_VISOR_AMBER,5,2500,10.438,7.834944189709296
UV_VISOR_AMBER,6,3000,10.386666666666667,7.9883481621543915
UV_VISOR_AMBER,7,3500,10.278,7.970220591521816
UV_VISOR_AMBER,8,4000,10.362,7.965092174678395
UV_VISOR_AMBER,9,4500,10.431333333333333,7.978693664417496
UV_VISOR_AMBER,10,5000,10.260666666666667,7.750800427795469
UV_VISOR_AMBER,11,5500,10.140666666666666,7.917654222546868
UV_VISOR_AMBER,12,6000,10.155333333333333,7.767468180184308
UV_VISOR_AMBER,13,6500,10.113333333333333,7.825684684597514
UV_VISOR_AMBER,14,7000,10.120666666666667,7.856940768160243
UV_VISOR_AMBER,15,7500,10.033333333333333,7.820026007633365
UV_VISOR_AMBER,16,8000,9.997333333333334,7.829837788576409
UV_VISOR_AMBER,17,8500,10.042,7.830304251134333
UV_VISOR_AMBER,18,9000,10.046,7.941093241076093
UV_VISOR_AMBER,19,9500,10.1,7.746317918482053
UV_VISOR_ORANGE,0,0,12.980666666666666,9.782304813546055
UV_VISOR_ORANGE,1,500,13.11,10.301861995470334
UV_VISOR_ORANGE,2,1000,13.224666666666666,10.629081512753526
UV_VISOR_ORANGE,3,1500,13.408,10.692309946623471
UV_VISOR_ORANGE,4,2000,13.472,10.340498115057697
UV_VISOR_ORANGE,5,2500,13.552666666666667,10.824886065348407
UV_VISOR_ORANGE,6,3000,13.519333333333334,10.4436920047789
UV_VISOR_ORANGE,7,3500,13.524,10.52337040933513
UV_VISOR_ORANGE,8,4000,13.632666666666667,10.86280851065504
UV_VISOR_ORANGE,9,4500,13.645333333333333,10.878410642228772
UV_VISOR_ORANGE,10,5000,13.512,10.714196439159187
UV_VISOR_ORANGE,11,5500,13.492666666666667,10.549696507369228
UV_VISOR_ORANGE,12,6000,13.518666666666666,10.295284186131276
UV_VISOR_ORANGE,13,6500,13.440666666666667,10.640055532908862
UV_VISOR_ORANGE,14,7000,13.233333333333333,10.612222799083161
UV_VISOR_ORANGE,15,7500,12.969333333333333,10.26986983233661
UV_VISOR_ORANGE,16,8000,12.822,9.83522219470926
UV_VISOR_ORANGE,17,8500,12.945333333333334,10.3548665884017
UV_VISOR_ORANGE,18,9000,12.926,10.019243320399221
UV_VISOR_ORANGE,19,9500,12.752666666666666,10.557389127953067
UV_VISOR_RED,0,0,13.546666666666667,10.410317123593485
UV_VISOR_RED,1,500,13.75,10.755264061173616
UV_VISOR_RED,2,1000,13.980666666666666,11.360486760681788
UV_VISOR_RED,3,1500,14.035333333333334,11.163042103566752
UV_VISOR_RED,4,2000,14.027333333333333,11.074644441229996
UV_VISOR_RED,5,2500,14.104666666666667,10.915833721683772
UV_VISOR_RED,6,3000,14.185333333333332,11.14339241268005
UV_VISOR_RED,7,3500,14.054666666666666,11.074358895663737
UV_VISOR_RED,8,4000,14.196666666666667,11.04726125379931
UV_VISOR_RED,9,4500,14.199333333333334,10.81231166824637
UV_VISOR_RED,10,5000,14.233333333333333,11.333194601107735
UV_VISOR_RED,11,5500,14.164666666666667,11.231453672163227
UV_VISOR_RED,12,6000,14.042,10.766954045682409
UV_VISOR_RED,13,6500,13.827333333333334,11.196307103269474
UV_VISOR_RED,14,7000,13.952,10.53084153406604
UV_VISOR_RED,15,7500,13.964,10.916187724489307
UV_VISOR_RED,16,8000,14.114666666666666,10.91798969078775
UV_VISOR_RED,17,8500,14.030666666666667,11.073477660332584
UV_VISOR_RED,18,9000,14.161333333333333,11.414032225437154
UV_VISOR_RED,19,9500,14.218,11.4326420190475
UV_VISOR_MAGENTA,0,0,13.863333333333333,11.273616592006
UV_VISOR_MAGENTA,1,500,13.821333333333333,10.69297305105878
UV_VISOR_MAGENTA,2,1000,13.921333333333333,11.149202085265655
UV_VISOR_MAGENTA,3,1500,14.013333333333334,11.342851084980621
UV_VISOR_MAGENTA,4,2000,13.964,11.077131739084964
UV_VISOR_MAGENTA,5,2500,13.976,10.915564082922497
UV_VISOR_MAGENTA,6,3000,13.958666666666666,11.05369724137696
UV_VISOR_MAGENTA,7,3500,13.898666666666667,10.774056482322626
UV_VISOR_MAGENTA,8,4000,13.968666666666667,11.246721242864444
UV_VISOR_MAGENTA,9,4500,13.824,11.096628291495863
UV_VISOR_MAGENTA,10,5000,13.832,11.418720725672209
UV_VISOR_MAGENTA,11,5500,14.168,11.419323631036525
UV_VISOR_MAGENTA,12,6000,14.25,10.799129734577619
UV_VISOR_MAGENTA,13,6500,14.294666666666666,11.343175455736057
UV_VISOR_MAGENTA,14,7000,14.336,11.42322546140903
UV_VISOR_MAGENTA,15,7500,14.329333333333333,11.866734041292075
UV_VISOR_MAGENTA,16,8000,14.340666666666667,11.467406528819867
UV_VISOR_MAGENTA,17,8500,14.323333333333334,11.294747412032878
UV_VISOR_MAGENTA,18,9000,14.368666666666666,11.013370868718082
UV_VISOR_MAGENTA,19,9500,14.38,11.331892431523025
TRANSLATOR_SPACE_GRAY,0,0,8.717333333333332,9.80028298212759
TRANSLATOR_SPACE_GRAY,1,500,8.665333333333333,9.413471172486403
TRANSLATOR_SPACE_GRAY,2,1000,8.507333333333333,9.515313453941015
TRANSLATOR_SPACE_GRAY,3,1500,8.378666666666666,9.4437586588865
TRANSLATOR_SPACE_GRAY,4,2000,8.418666666666667,9.490432221878034
TRANSLATOR_SPACE_GRAY,5,2500,8.362,9.708276210200136
TRANSLATOR_SPACE_GRAY,6,3000,8.442666666666666,9.49175399060158
TRANSLATOR_SPACE_GRAY,7,3500,8.416666666666666,9.272006115089962
TRANSLATOR_SPACE_GRAY,8,4000,8.476666666666667,9.414118314424398
TRANSLATOR_SPACE_GRAY,9,4500,8.421333333333333,9.257159277417696
TRANSLATOR_SPACE_GRAY,10,5000,8.373333333333333,9.164443009649743
TRANSLATOR_SPACE_GRAY,11,5500,8.353333333333333,9.640264330044294
TRANSLATOR_SPACE_GRAY,12,6000,8.352,9.698937096889981
TRANSLATOR_SPACE_GRAY,13,6500,8.275333333333334,9.2378916296509
TRANSLATOR_SPACE_GRAY,14,7000,8.184666666666667,9.078437746119224
TRANSLATOR_SPACE_GRAY,15,7500,8.318,9.395225457459052
TRANSLATOR_SPACE_GRAY,16,8000,8.276666666666667,9.075202206320954
TRANSLATOR_SPACE_GRAY,17,8500,8.320666666666666,9.4230717844326
TRANSLATOR_SPACE_GRAY,18,9000,8.382666666666667,9.595475287145133
TRANSLATOR_SPACE_GRAY,19,9500,8.4,9.33836468154387
TRANSLATOR_ASTRO_BLACK,0,0,8.656666666666666,9.879932101787094
TRANSLATOR_ASTRO_BLACK,1,500,8.690666666666667,9.802640044118544
TRANSLATOR_ASTRO_BLACK,2,1000,8.534666666666666,9.669457013329229
TRANSLATOR_ASTRO_BLACK,3,1500,8.456,9.97747587847209
TRANSLATOR_ASTRO_BLACK,4,2000,8.474,9.66109996103931
TRANSLATOR_ASTRO_BLACK,5,2500,8.372666666666667,9.588760439879833
TRANSLATOR_ASTRO_BLACK,6,3000,8.334,9.178938218921258
TRANSLATOR_ASTRO_BLACK,7,3500,8.316666666666666,9.232568662347386
TRANSLATOR_ASTRO_BLACK,8,4000,8.41,9.492094366323753
TRANSLATOR_ASTRO_BLACK,9,4500,8.337333333333333,8.963073357479749
TRANSLATOR_ASTRO_BLACK,10,5000,8.284666666666666,9.132819580203329
TRANSLATOR_ASTRO_BLACK,11,5500,8.326666666666666,9.40738818822232
TRANSLATOR_ASTRO_BLACK,12,6000,8.46,9.62592318448771
TRANSLATOR_ASTRO_BLACK,13,6500,8.369333333333334,9.840985276707142
TRANSLATOR_ASTRO_BLACK,14,7000,8.376666666666667,9.293034541741257
TRANSLATOR_ASTRO_BLACK,15,7500,8.163333333333334,8.934825980347258
TRANSLATOR_ASTRO_BLACK,16,8000,8.087333333333333,9.196744712002936
TRANSLATOR_ASTRO_BLACK,17,8500,8.157333333333334,9.153857581805294
TRANSLATOR_ASTRO_BLACK,18,9000,8.215333333333334,9.246856553786607
TRANSLATOR_ASTRO_BLACK,19,9500,8.304666666666666,9.580090307982221
TRANSLATOR_ECLIPSE_CHARCOAL,0,0,8.800666666666666,9.814713225258386
TRANSLATOR_ECLIPSE_CHARCOAL,1,500,8.820666666666666,9.68545495533352
TRANSLATOR_ECLIPSE_CHARCOAL,2,1000,8.884666666666666,10.242559137171337
TRANSLATOR_ECLIPSE_CHARCOAL,3,1500,8.886666666666667,10.432994287456026
TRANSLATOR_ECLIPSE_CHARCOAL,4,2000,8.817333333333334,10.190330454835172
TRANSLATOR_ECLIPSE_CHARCOAL,5,2500,8.740666666666666,9.927565609361352
TRANSLATOR_ECLIPSE_CHARCOAL,6,3000,8.664,9.619792596849688
TRANSLATOR_ECLIPSE_CHARCOAL,7,3500,8.62,9.518088440469334
TRANSLATOR_ECLIPSE_CHARCOAL,8,4000,8.672666666666666,10.009716204829337
TRANSLATOR_ECLIPSE_CHARCOAL,9,4500,8.596666666666666,9.731602725997055
TRANSLATOR_ECLIPSE_CHARCOAL,10,5000,8.476,9.720698739767952
TRANSLATOR_ECLIPSE_CHARCOAL,11,5500,8.639333333333333,9.577242240584985
TRANSLATOR_ECLIPSE_CHARCOAL,12,6000,8.696666666666667,9.69525476021471
TRANSLATOR_ECLIPSE_CHARCOAL,13,6500,8.652666666666667,10.038456957058647
TRANSLATOR_ECLIPSE_CHARCOAL,14,7000,8.642666666666667,10.143069923213604
TRANSLATOR_ECLIPSE_CHARCOAL,15,7500,8.6,9.743475400248634
TRANSLATOR_ECLIPSE_CHARCOAL,16,8000,8.678666666666667,9.910393261440118
TRANSLATOR_ECLIPSE_CHARCOAL,17,8500,8.806,9.68035312957975
TRANSLATOR_ECLIPSE_CHARCOAL,18,9000,8.616,9.56645059489968
TRANSLATOR_ECLIPSE_CHARCOAL,19,9500,8.696666666666667,9.83792440021451
TRANSLATOR_GRAPHITE_MIST,0,0,9.000666666666667,10.168225394540183
TRANSLATOR_GRAPHITE_MIST,1,500,9.141333333333334,10.373643519779952
TRANSLATOR_GRAPHITE_MIST,2,1000,9.088666666666667,10.336508283323548
TRANSLATOR_GRAPHITE_MIST,3,1500,9.119333333333334,10.568596787066268
TRANSLATOR_GRAPHITE_MIST,4,2000,9.16,10.42768673560886
TRANSLATOR_GRAPHITE_MIST,5,2500,8.951333333333332,10.260742863862305
TRANSLATOR_GRAPHITE_MIST,6,3000,8.859333333333334,10.173429969309716
TRANSLATOR_GRAPHITE_MIST,7,3500,8.863333333333333,10.32523479873942
TRANSLATOR_GRAPHITE_MIST,8,4000,8.954666666666666,10.305935446423064
TRANSLATOR_GRAPHITE_MIST,9,4500,8.798666666666668,9.922560866165647
TRANSLATOR_GRAPHITE_MIST,10,5000,8.818666666666667,9.94654892140248
TRANSLATOR_GRAPHITE_MIST,11,5500,8.932,10.103176778101133
TRANSLATOR_GRAPHITE_MIST,12,6000,8.895333333333333,10.087421983692053
TRANSLATOR_GRAPHITE_MIST,13,6500,8.826666666666666,10.074142732266713
TRANSLATOR_GRAPHITE_MIST,14,7000,8.801333333333334,9.817292942356001
TRANSLATOR_GRAPHITE_MIST,15,7500,8.750666666666667,9.714895494187031
TRANSLATOR_GRAPHITE_MIST,16,8000,8.786,9.91431466680528
TRANSLATOR_GRAPHITE_MIST,17,8500,8.738,9.985532541080365
TRANSLATOR_GRAPHITE_MIST,18,9000,8.848666666666666,9.931194124801731
TRANSLATOR_GRAPHITE_MIST,19,9500,8.907333333333334,10.097985034487174
TRANSLATOR_VOID_BLUE,0,0,9.351333333333333,10.626472963040674
TRANSLATOR_VOID_BLUE,1,500,9.413333333333334,10.83318641729976
TRANSLATOR_VOID_BLUE,2,1000,9.438666666666666,10.674613395168608
TRANSLATOR_VOID_BLUE,3,1500,9.426,10.73181659741456
TRANSLATOR_VOID_BLUE,4,2000,9.318,10.284308549187443
TRANSLATOR_VOID_BLUE,5,2500,9.267333333333333,10.655569362495806
TRANSLATOR_VOID_BLUE,6,3000,9.496666666666666,10.470202963651975
TRANSLATOR_VOID_BLUE,7,3500,9.587333333333333,10.998165588850208
TRANSLATOR_VOID_BLUE,8,4000,9.500666666666667,10.868297440699093
TRANSLATOR_VOID_BLUE,9,4500,9.392,10.560643826060167
TRANSLATOR_VOID_BLUE,10,5000,9.493333333333334,10.816490819535673
TRANSLATOR_VOID_BLUE,11,5500,9.597333333333333,10.75541067531836
TRANSLATOR_VOID_BLUE,12,6000,9.720666666666666,11.26613124111798
TRANSLATOR_VOID_BLUE,13,6500,9.692666666666666,11.196773197767756
TRANSLATOR_VOID_BLUE,14,7000,9.67,10.827527655270124
TRANSLATOR_VOID_BLUE,15,7500,9.678,10.584245406919152
TRANSLATOR_VOID_BLUE,16,8000,9.557333333333334,11.107170433804733
TRANSLATOR_VOID_BLUE,17,8500,9.576666666666666,11.149593139378286
TRANSLATOR_VOID_BLUE,18,9000,9.636666666666667,10.918471367885745
TRANSLATOR_VOID_BLUE,19,9500,9.679333333333334,11.27838754804024
PANEL_1X2,0,0,11.653333333333334,8.974606394503988
PANEL_1X2,1,500,11.413333333333334,9.00624938070748
PANEL_1X2,2,1000,11.151333333333334,8.81394468836373
PANEL_1X2,3,1500,11.282,8.723870442597233
PANEL_1X2,4,2000,11.380666666666666,8.928974275355602
PANEL_1X2,5,2500,11.548666666666668,9.529628312062663
PANEL_1X2,6,3000,11.632666666666667,9.30871238713639
PANEL_1X2,7,3500,11.568,9.302414319071406
PANEL_1X2,8,4000,11.362,8.704197163115722
PANEL_1X2,9,4500,11.230666666666666,8.873045961210451
PANEL_1X2,10,5000,11.244666666666667,9.04814952879791
PANEL_1X2,11,5500,11.461333333333334,9.014967516031271
PANEL_1X2,12,6000,11.644,8.914797920884256
PANEL_1X2,13,6500,11.679333333333334,9.313058032793009
PANEL_1X2,14,7000,11.634666666666666,8.846927022710398
PANEL_1X2,15,7500,11.686,8.72972966413593
PANEL_1X2,16,8000,11.708,9.200762137172413
PANEL_1X2,17,8500,11.627333333333333,9.221859538678912
PANEL_1X2,18,9000,11.656666666666666,9.19008057930049
PANEL_1X2,19,9500,11.630666666666666,9.386063481602715
PANEL_2X2,0,0,8.599333333333334,9.757816336012464
PANEL_2X2,1,500,8.568,9.593926733912069
PANEL_2X2,2,1000,8.424666666666667,9.2534255897831
PANEL_2X2,3,1500,8.290666666666667,9.469934230241817
PANEL_2X2,4,2000,8.374666666666666,9.352715920288215
PANEL_2X2,5,2500,8.502666666666666,9.867797483413982
PANEL_2X2,6,3000,8.539333333333333,9.756429922814046
PANEL_2X2,7,3500,8.577333333333334,9.618459478040622
PANEL_2X2,8,4000,8.612,9.578560039510593
PANEL_2X2,9,4500,8.697333333333333,9.702362089149304
PANEL_2X2,10,5000,8.582,9.925433376299523
PANEL_2X2,11,5500,8.495333333333333,9.534473685472765
PANEL_2X2,12,6000,8.600666666666667,9.550414403409485
PANEL_2X2,13,6500,8.548666666666668,9.55811443695611
PANEL_2X2,14,7000,8.633333333333333,9.560556175164427
PANEL_2X2,15,7500,8.604666666666667,9.394039504265141
PANEL_2X2,16,8000,8.474666666666666,9.846255873446129
PANEL_2X2,17,8500,8.353333333333333,9.304831214085242
PANEL_2X2,18,9000,8.384666666666666,9.495213124011615
PANEL_2X2,19,9500,8.446,9.76064888895086
PANEL_1X4,0,0,8.761333333333333,9.80094736405313
PANEL_1X4,1,500,8.664,9.68025105024759
PANEL_1X4,2,1000,8.516,9.494314064494557
PANEL_1X4,3,1500,8.462,9.397062470666425
PANEL_1X4,4,2000,8.402,9.355895441895441
PANEL_1X4,5,2500,8.502,9.601787692122215
PANEL_1X4,6,3000,8.523333333333333,9.82450230049971
PANEL_1X4,7,3500,8.312666666666667,9.576740826892305
PANEL_1X4,8,4000,8.318,9.268788837809511
PANEL_1X4,9,4500,8.413333333333334,9.3510101851731
PANEL_1X4,10,5000,8.214666666666666,9.349811006974038
PANEL_1X4,11,5500,8.076666666666666,8.972984953327868
PANEL_1X4,12,6000,8.124666666666666,9.302499532594714
PANEL_1X4,13,6500,8.042,8.89124001409333
PANEL_1X4,14,7000,8.109333333333334,8.799855426420715
PANEL_1X4,15,7500,8.302,9.883328167812234
PANEL_1X4,16,8000,8.364,9.793019029051147
PANEL_1X4,17,8500,8.477333333333334,9.962374061000093
PANEL_1X4,18,9000,8.461333333333334,9.488549065878503
PANEL_1X4,19,9500,8.486,9.70278784996221
PANEL_2X4,0,0,9.466,10.664217184152607
PANEL_2X4,1,500,9.401333333333334,10.62844026633244
PANEL_2X4,2,1000,9.374666666666666,10.570838980792331
PANEL_2X4,3,1500,9.507333333333333,10.950415362896917
PANEL_2X4,4,2000,9.575333333333333,10.838654844957516
PANEL_2X4,5,2500,9.697333333333333,11.091931986464326
PANEL_2X4,6,3000,9.653333333333334,10.77445468711798
PANEL_2X4,7,3500,9.640666666666666,10.940574497519743
PANEL_2X4,8,4000,9.788666666666666,11.083176398861523
PANEL_2X4,9,4500,9.874666666666666,11.306562864022283
PANEL_2X4,10,5000,9.843333333333334,11.67226935581122
PANEL_2X4,11,5500,10.02,11.941867680197687
PANEL_2X4,12,6000,10.135333333333334,11.613071450219104
PANEL_2X4,13,6500,10.18,11.936568434837346
PANEL_2X4,14,7000,10.142666666666667,11.479802389789016
PANEL_2X4,15,7500,10.137333333333334,11.551264333137649
PANEL_2X4,16,8000,10.233333333333333,11.603776826820367
PANEL_2X4,17,8500,10.162,11.830435016685213
PANEL_2X4,18,9000,9.988666666666667,11.629793977575988
PANEL_2X4,19,9500,9.988,11.503003755408033
PANEL_4X4,0,0,8.886,10.067312883714768
PANEL_4X4,1,500,9.010666666666667,10.30623357597579
PANEL_4X4,2,1000,8.953333333333333,10.080127257757077
PANEL_4X4,3,1500,8.995333333333333,10.119019156970337
PANEL_4X4,4,2000,8.929333333333334,9.919285106981137
PANEL_4X4,5,2500,8.842,10.01509645453058
PANEL_4X4,6,3000,8.804,10.014569106869457
PANEL_4X4,7,3500,8.781333333333333,10.145996931041598
PANEL_4X4,8,4000,8.71,10.150242517841772
PANEL_4X4,9,4500,8.614,10.021788338132552
PANEL_4X4,10,5000,8.499333333333333,9.653180519997367
PANEL_4X4,11,5500,8.484666666666667,9.568755088211892
PANEL_4X4,12,6000,8.526666666666667,9.484803400840239
PANEL_4X4,13,6500,8.573333333333334,9.800002921448336
PANEL_4X4,14,7000,8.590666666666667,9.782582353374588
PANEL_4X4,15,7500,8.730666666666666,9.900760022982498
PANEL_4X4,16,8000,8.81,9.943328068153848
PANEL_4X4,17,8500,8.83,10.2421724235075
PANEL_4X4,18,9000,8.777333333333333,9.745089501991425
PANEL_4X4,19,9500,8.660666666666666,10.123982385713187
OXYGEN_SHAKE_MORNING_BREATH,0,0,13.027333333333333,10.67110603079629
OXYGEN_SHAKE_MORNING_BREATH,1,500,13.233333333333333,10.44170281422829
OXYGEN_SHAKE_MORNING_BREATH,2,1000,13.298,10.69767769631732
OXYGEN_SHAKE_MORNING_BREATH,3,1500,13.25,10.779343334237353
OXYGEN_SHAKE_MORNING_BREATH,4,2000,13.086,10.425226414139875
OXYGEN_SHAKE_MORNING_BREATH,5,2500,13.010666666666667,10.290595718429527
OXYGEN_SHAKE_MORNING_BREATH,6,3000,12.878666666666666,10.168577327505847
OXYGEN_SHAKE_MORNING_BREATH,7,3500,12.788666666666666,10.169453840619957
OXYGEN_SHAKE_MORNING_BREATH,8,4000,12.75,9.788716916675314
OXYGEN_SHAKE_MORNING_BREATH,9,4500,12.758,10.1354713625983
OXYGEN_SHAKE_MORNING_BREATH,10,5000,12.814666666666668,9.92762925115385
OXYGEN_SHAKE_MORNING_BREATH,11,5500,12.768,9.820098222945346
OXYGEN_SHAKE_MORNING_BREATH,12,6000,12.552,9.638467353483726
OXYGEN_SHAKE_MORNING_BREATH,13,6500,12.519333333333334,10.02939699541387
OXYGEN_SHAKE_MORNING_BREATH,14,7000,12.585333333333333,9.674475419875055
OXYGEN_SHAKE_MORNING_BREATH,15,7500,12.424,9.723557473245709
OXYGEN_SHAKE_MORNING_BREATH,16,8000,12.443333333333333,9.747673265420469
OXYGEN_SHAKE_MORNING_BREATH,17,8500,12.350666666666667,9.600479677021776
OXYGEN_SHAKE_MORNING_BREATH,18,9000,12.44,10.066186189562323
OXYGEN_SHAKE_MORNING_BREATH,19,9500,12.68,10.100716425822302
OXYGEN_SHAKE_EVENING_BREATH,0,0,12.172,12.355560254543205
OXYGEN_SHAKE_EVENING_BREATH,1,500,12.378,16.27844015760925
OXYGEN_SHAKE_EVENING_BREATH,2,1000,12.122,15.382656325636487
OXYGEN_SHAKE_EVENING_BREATH,3,1500,11.8,10.336165320967039
OXYGEN_SHAKE_EVENING_BREATH,4,2000,11.8,10.804639134088589
OXYGEN_SHAKE_EVENING_BREATH,5,2500,11.78,10.510720725372641
OXYGEN_SHAKE_EVENING_BREATH,6,3000,11.796,10.632542843155681
OXYGEN_SHAKE_EVENING_BREATH,7,3500,11.78,10.066812605433297
OXYGEN_SHAKE_EVENING_BREATH,8,4000,11.812,10.28148634828199
OXYGEN_SHAKE_EVENING_BREATH,9,4500,11.796,10.297662362026815
OXYGEN_SHAKE_EVENING_BREATH,10,5000,11.784,10.419499859312458
OXYGEN_SHAKE_EVENING_BREATH,11,5500,11.808,10.002559156636373
OXYGEN_SHAKE_EVENING_BREATH,12,6000,11.832,9.84320031264883
OXYGEN_SHAKE_EVENING_BREATH,13,6500,11.78,10.078034424028395
OXYGEN_SHAKE_EVENING_BREATH,14,7000,11.844,10.043844288631972
OXYGEN_SHAKE_EVENING_BREATH,15,7500,11.816,9.784875305561425
OXYGEN_SHAKE_EVENING_BREATH,16,8000,11.824,9.761011241115767
OXYGEN_SHAKE_EVENING_BREATH,17,8500,11.775333333333334,9.955429219083403
OXYGEN_SHAKE_EVENING_BREATH,18,9000,11.734,9.91407533839805
OXYGEN_SHAKE_EVENING_BREATH,19,9500,11.776,10.116431370696267
OXYGEN_SHAKE_MINT,0,0,12.681333333333333,10.084699318377051
OXYGEN_SHAKE_MINT,1,500,12.725333333333333,9.648075981025746
OXYGEN_SHAKE_MINT,2,1000,12.566666666666666,10.064427213214207
OXYGEN_SHAKE_MINT,3,1500,12.463333333333333,9.947130750237996
OXYGEN_SHAKE_MINT,4,2000,12.340666666666667,9.716214168460914
OXYGEN_SHAKE_MINT,5,2500,12.227333333333334,9.704952874473566
OXYGEN_SHAKE_MINT,6,3000,12.613333333333333,9.889221203895108
OXYGEN_SHAKE_MINT,7,3500,12.55,9.980233627746324
OXYGEN_SHAKE_MINT,8,4000,12.376666666666667,9.498003511991833
OXYGEN_SHAKE_MINT,9,4500,12.29,9.803054758002345
OXYGEN_SHAKE_MINT,10,5000,12.298666666666668,9.445706986555997
OXYGEN_SHAKE_MINT,11,5500,12.376666666666667,9.713649210637824
OXYGEN_SHAKE_MINT,12,6000,12.650666666666666,9.833735755344323
OXYGEN_SHAKE_MINT,13,6500,12.808666666666667,10.392031508769247
OXYGEN_SHAKE_MINT,14,7000,12.942666666666666,9.8860792496744
OXYGEN_SHAKE_MINT,15,7500,12.842,10.158733753272054
OXYGEN_SHAKE_MINT,16,8000,12.828,9.934988200760728
OXYGEN_SHAKE_MINT,17,8500,12.706666666666667,10.226300179722845
OXYGEN_SHAKE_MINT,18,9000,12.756666666666666,9.964904526126174
OXYGEN_SHAKE_MINT,19,9500,12.826,9.71565540054454
OXYGEN_SHAKE_CHOCOLATE,0,0,11.993333333333334,10.595815346412229
OXYGEN_SHAKE_CHOCOLATE,1,500,11.936,9.698137634741437
OXYGEN_SHAKE_CHOCOLATE,2,1000,11.941333333333333,12.701840446278002
OXYGEN_SHAKE_CHOCOLATE,3,1500,11.962666666666667,9.589677757979683
OXYGEN_SHAKE_CHOCOLATE,4,2000,11.86,9.050304869692425
OXYGEN_SHAKE_CHOCOLATE,5,2500,11.768,9.665903085328866
OXYGEN_SHAKE_CHOCOLATE,6,3000,11.890666666666666,9.395845958765705
OXYGEN_SHAKE_CHOCOLATE,7,3500,11.906666666666666,9.448403209827415
OXYGEN_SHAKE_CHOCOLATE,8,4000,12.074,9.700716029407882
OXYGEN_SHAKE_CHOCOLATE,9,4500,12.136666666666667,10.011794889703737
OXYGEN_SHAKE_CHOCOLATE,10,5000,12.173333333333334,9.73770918692011
OXYGEN_SHAKE_CHOCOLATE,11,5500,12.34,14.359105386265702
OXYGEN_SHAKE_CHOCOLATE,12,6000,12.296666666666667,10.026446300506707
OXYGEN_SHAKE_CHOCOLATE,13,6500,12.403333333333334,9.730902246344254
OXYGEN_SHAKE_CHOCOLATE,14,7000,12.618,16.52157838610601
OXYGEN_SHAKE_CHOCOLATE,15,7500,12.524,13.774106706641009
OXYGEN_SHAKE_CHOCOLATE,16,8000,12.548666666666668,10.02609616964327
OXYGEN_SHAKE_CHOCOLATE,17,8500,12.473333333333333,10.070602327718575
OXYGEN_SHAKE_CHOCOLATE,18,9000,12.439333333333334,10.253952475065766
OXYGEN_SHAKE_CHOCOLATE,19,9500,12.423333333333334,9.985665487706724
OXYGEN_SHAKE_GARLIC,0,0,14.186,11.245194057630169
OXYGEN_SHAKE_GARLIC,1,500,14.114,11.10708149763709
OXYGEN_SHAKE_GARLIC,2,1000,14.408,11.600646174291658
OXYGEN_SHAKE_GARLIC,3,1500,14.404,11.77571833267038
OXYGEN_SHAKE_GARLIC,4,2000,14.522666666666666,11.49816239632788
OXYGEN_SHAKE_GARLIC,5,2500,14.614,11.808333387082017
OXYGEN_SHAKE_GARLIC,6,3000,14.806666666666667,11.736226788667883
OXYGEN_SHAKE_GARLIC,7,3500,14.930666666666667,12.016719742463524
OXYGEN_SHAKE_GARLIC,8,4000,15.162,12.235920623407743
OXYGEN_SHAKE_GARLIC,9,4500,15.232,12.076694798677162
OXYGEN_SHAKE_GARLIC,10,5000,15.15,11.78951405487049
OXYGEN_SHAKE_GARLIC,11,5500,15.226666666666667,12.068670772271188
OXYGEN_SHAKE_GARLIC,12,6000,15.174,12.03322013483635
OXYGEN_SHAKE_GARLIC,13,6500,15.369333333333334,12.5588973614442
OXYGEN_SHAKE_GARLIC,14,7000,15.337333333333333,12.485862140483105
OXYGEN_SHAKE_GARLIC,15,7500,15.536,12.24790139634672
OXYGEN_SHAKE_GARLIC,16,8000,15.749333333333333,12.463596352775506
OXYGEN_SHAKE_GARLIC,17,8500,15.779333333333334,12.656603075111965
OXYGEN_SHAKE_GARLIC,18,9000,15.576,12.326702314441393
OXYGEN_SHAKE_GARLIC,19,9500,15.814,12.43430882328531
SNACKPACK_CHOCOLATE,0,0,16.658666666666665,6.707477528593047
SNACKPACK_CHOCOLATE,1,500,16.604666666666667,6.455732455984456
SNACKPACK_CHOCOLATE,2,1000,16.554,6.7090256798289225
SNACKPACK_CHOCOLATE,3,1500,16.714,6.425960341526696
SNACKPACK_CHOCOLATE,4,2000,16.687333333333335,6.4637849859219045
SNACKPACK_CHOCOLATE,5,2500,16.536,6.587903576853123
SNACKPACK_CHOCOLATE,6,3000,16.438,6.4474766013719655
SNACKPACK_CHOCOLATE,7,3500,16.426666666666666,6.4847137611409975
SNACKPACK_CHOCOLATE,8,4000,16.548,6.511719297878641
SNACKPACK_CHOCOLATE,9,4500,16.674,6.700942776161643
SNACKPACK_CHOCOLATE,10,5000,16.51,6.4138565650752
SNACKPACK_CHOCOLATE,11,5500,16.42,6.439964966196937
SNACKPACK_CHOCOLATE,12,6000,16.25,6.46891697376239
SNACKPACK_CHOCOLATE,13,6500,16.159333333333333,6.7355235931790585
SNACKPACK_CHOCOLATE,14,7000,16.328,6.851895940929311
SNACKPACK_CHOCOLATE,15,7500,16.336666666666666,6.831891591453076
SNACKPACK_CHOCOLATE,16,8000,16.48,6.477977952606707
SNACKPACK_CHOCOLATE,17,8500,16.377333333333333,6.5243339515409335
SNACKPACK_CHOCOLATE,18,9000,16.346666666666668,6.6975371760848725
SNACKPACK_CHOCOLATE,19,9500,16.374,6.5684387653458645
SNACKPACK_VANILLA,0,0,16.711333333333332,6.672781590125001
SNACKPACK_VANILLA,1,500,16.886,6.372533022125403
SNACKPACK_VANILLA,2,1000,16.708666666666666,6.570764581615564
SNACKPACK_VANILLA,3,1500,16.647333333333332,6.393606948080059
SNACKPACK_VANILLA,4,2000,16.642,6.407524936049252
SNACKPACK_VANILLA,5,2500,16.700666666666667,6.480401373129612
SNACKPACK_VANILLA,6,3000,16.852666666666668,6.488447543383374
SNACKPACK_VANILLA,7,3500,16.806,6.388321984046191
SNACKPACK_VANILLA,8,4000,16.814666666666668,6.452536170962595
SNACKPACK_VANILLA,9,4500,16.626666666666665,6.509068023399694
SNACKPACK_VANILLA,10,5000,16.704666666666668,6.337565317699222
SNACKPACK_VANILLA,11,5500,16.883333333333333,6.460860420031816
SNACKPACK_VANILLA,12,6000,17.169333333333334,6.454148323050803
SNACKPACK_VANILLA,13,6500,17.14,6.620237737307146
SNACKPACK_VANILLA,14,7000,17.219333333333335,6.738458321235753
SNACKPACK_VANILLA,15,7500,17.101333333333333,6.77756961273429
SNACKPACK_VANILLA,16,8000,16.927333333333333,6.511975216026459
SNACKPACK_VANILLA,17,8500,16.942666666666668,6.494771301469707
SNACKPACK_VANILLA,18,9000,17.004,6.677176774806124
SNACKPACK_VANILLA,19,9500,16.88533333333333,6.443465255305636
SNACKPACK_PISTACHIO,0,0,16.145333333333333,5.301467431278014
SNACKPACK_PISTACHIO,1,500,16.24,5.345967277582004
SNACKPACK_PISTACHIO,2,1000,15.989333333333333,5.224875457753297
SNACKPACK_PISTACHIO,3,1500,16.016,5.21863992728782
SNACKPACK_PISTACHIO,4,2000,16.101333333333333,5.24850646396576
SNACKPACK_PISTACHIO,5,2500,16.100666666666665,5.268982445048222
SNACKPACK_PISTACHIO,6,3000,16.067333333333334,5.214381337932673
SNACKPACK_PISTACHIO,7,3500,15.916,5.135557177227147
SNACKPACK_PISTACHIO,8,4000,15.926,5.282569168944514
SNACKPACK_PISTACHIO,9,4500,15.866666666666667,5.193792789916173
SNACKPACK_PISTACHIO,10,5000,15.824666666666667,5.132792226201858
SNACKPACK_PISTACHIO,11,5500,15.938666666666666,5.245594008721624
SNACKPACK_PISTACHIO,12,6000,15.896666666666667,5.36509919900515
SNACKPACK_PISTACHIO,13,6500,15.839333333333334,5.330382275755906
SNACKPACK_PISTACHIO,14,7000,15.889333333333333,5.034561625676138
SNACKPACK_PISTACHIO,15,7500,15.879333333333333,5.1632027956239686
SNACKPACK_PISTACHIO,16,8000,15.749333333333333,5.29353791861334
SNACKPACK_PISTACHIO,17,8500,15.646666666666667,5.232704751996805
SNACKPACK_PISTACHIO,18,9000,15.792,5.211619249877401
SNACKPACK_PISTACHIO,19,9500,15.688,5.301820177838183
SNACKPACK_STRAWBERRY,0,0,17.412,8.23817527460749
SNACKPACK_STRAWBERRY,1,500,17.617333333333335,8.286162916944503
SNACKPACK_STRAWBERRY,2,1000,17.498,7.95854342815867
SNACKPACK_STRAWBERRY,3,1500,17.624666666666666,8.042832135873768
SNACKPACK_STRAWBERRY,4,2000,17.826666666666668,8.272050296004123
SNACKPACK_STRAWBERRY,5,2500,17.970666666666666,8.16085556776703
SNACKPACK_STRAWBERRY,6,3000,18.035333333333334,8.076871411015667
SNACKPACK_STRAWBERRY,7,3500,17.849333333333334,7.930928863883777
SNACKPACK_STRAWBERRY,8,4000,17.874666666666666,8.251163885798986
SNACKPACK_STRAWBERRY,9,4500,17.828,8.07639895222983
SNACKPACK_STRAWBERRY,10,5000,17.692,7.925563361171889
SNACKPACK_STRAWBERRY,11,5500,17.822,8.35634720325074
SNACKPACK_STRAWBERRY,12,6000,17.908,8.214265260458756
SNACKPACK_STRAWBERRY,13,6500,17.954666666666668,8.276422133452936
SNACKPACK_STRAWBERRY,14,7000,18.049333333333333,7.797717025905704
SNACKPACK_STRAWBERRY,15,7500,17.996,7.991111361762282
SNACKPACK_STRAWBERRY,16,8000,17.846666666666668,8.291756249634801
SNACKPACK_STRAWBERRY,17,8500,17.791333333333334,8.18868961722939
SNACKPACK_STRAWBERRY,18,9000,18.021333333333335,8.119519215061
SNACKPACK_STRAWBERRY,19,9500,17.911333333333335,8.193577242424334
SNACKPACK_RASPBERRY,0,0,16.918666666666667,8.193817768626174
SNACKPACK_RASPBERRY,1,500,16.86466666666667,8.197743469923038
SNACKPACK_RASPBERRY,2,1000,16.841333333333335,7.907166676918537
SNACKPACK_RASPBERRY,3,1500,16.872,8.107621079490654
SNACKPACK_RASPBERRY,4,2000,16.72533333333333,8.164522000821005
SNACKPACK_RASPBERRY,5,2500,16.545333333333332,8.14819091776679
SNACKPACK_RASPBERRY,6,3000,16.589333333333332,8.007174311152987
SNACKPACK_RASPBERRY,7,3500,16.758,7.9720097608079765
SNACKPACK_RASPBERRY,8,4000,16.86466666666667,8.171577592022885
SNACKPACK_RASPBERRY,9,4500,16.858666666666668,7.95954193158937
SNACKPACK_RASPBERRY,10,5000,16.86,7.933419123022764
SNACKPACK_RASPBERRY,11,5500,16.864,8.337102798790916
SNACKPACK_RASPBERRY,12,6000,16.886,8.188254569655683
SNACKPACK_RASPBERRY,13,6500,16.74,8.148399962444488
SNACKPACK_RASPBERRY,14,7000,16.878666666666668,7.877016978942388
SNACKPACK_RASPBERRY,15,7500,16.913333333333334,8.024006252476509
SNACKPACK_RASPBERRY,16,8000,17.077333333333332,8.054101441710039
SNACKPACK_RASPBERRY,17,8500,17.044,8.122172377064434
SNACKPACK_RASPBERRY,18,9000,16.835333333333335,8.297076009868915
SNACKPACK_RASPBERRY,19,9500,16.912666666666667,8.030240951265354
